generation,mse_best,mse_median,k_mlp,k_proteins,k_total,k_mlp_ratio,fitness_best,fitness_median,age_max,threshold,n0_sat,n1_sat,n2_sat,n3_sat,n4_sat,n5_sat,n6_sat,n7_sat
0,0.32760006189346313,0.5658677816390991,0,0,0,0.0,-0.35666704177856445,-0.5814005136489868,0,0.95,0.0,0.0,0.0,0.0,0.0,0.0,0.0,0.0
1,0.32461851835250854,0.4533965587615967,0,0,0,0.0,-0.30814698338508606,-0.4723474979400635,1,0.95,0.0,0.0,0.0,0.0,0.0,0.0,0.0,0.0
2,0.31206852197647095,0.383977472782135,0,0,0,0.0,-0.3052680492401123,-0.3909868001937866,2,0.95,0.0,0.0,0.0,0.0,0.0,0.0,0.0,0.0
3,0.16849398612976074,0.33869901299476624,0,0,0,0.0,-0.16435888409614563,-0.3513287603855133,3,0.95,0.0,0.0,0.0,0.0,0.0,0.0,0.0,0.0
4,0.16241662204265594,0.32343098521232605,0,0,0,0.0,-0.15772508084774017,-0.3173947334289551,3,0.95,0.0,0.0,0.0,0.0,0.0,0.0,0.0,0.0
5,0.15281465649604797,0.3008805513381958,0,0,0,0.0,-0.15061599016189575,-0.2875858545303345,4,0.95,0.0,0.0,0.0,0.0,0.0,0.0,0.0,0.0
6,0.14628690481185913,0.1878134310245514,0,0,0,0.0,-0.1425899863243103,-0.19647441804409027,3,0.95,0.0,0.0,0.0,0.0,0.0,0.0,0.0,0.0
7,0.14509700238704681,0.16936609148979187,0,0,0,0.0,-0.14015766978263855,-0.16856183111667633,4,0.95,0.0,0.0,0.0,0.0,0.0,0.0,0.0,0.0
8,0.12169444561004639,0.1640295386314392,0,0,0,0.0,-0.124128557741642,-0.15942031145095825,5,0.95,0.0,0.0,0.0,0.0,0.0,0.0,0.0,0.0
9,0.11438371241092682,0.15515047311782837,0,0,0,0.0,-0.10944610834121704,-0.14892183244228363,5,0.95,0.0,0.0,0.0,0.0,0.0,0.0,0.0,0.0
10,0.10428355634212494,0.13860994577407837,0,0,0,0.0,-0.0950457826256752,-0.13313758373260498,4,0.95,0.0,0.0,0.0,0.0,0.0,0.0,0.0,0.0
11,0.08318547904491425,0.12841975688934326,0,0,0,0.0,-0.07632941752672195,-0.11984772980213165,3,0.95,0.0,0.0,0.0,0.0,0.0,0.0,0.0,0.0
12,0.08318547904491425,0.12086005508899689,0,0,0,0.0,-0.07632941752672195,-0.111164391040802,3,0.95,0.0,0.0,0.0,0.0,0.0,0.0,0.0,0.0
13,0.05492335185408592,0.10719119012355804,0,0,0,0.0,-0.0495690293610096,-0.09800735861063004,4,0.95,0.0,0.0,0.0,0.0,0.0,0.0,0.0,0.0
14,0.05492335185408592,0.0908844992518425,0,0,0,0.0,-0.0495690293610096,-0.08318186551332474,4,0.95,0.0,0.0,0.0,0.0,0.0,0.0,0.0,0.0
15,0.05481927841901779,0.08548256754875183,0,0,0,0.0,-0.0490448959171772,-0.07770341634750366,4,0.95,0.0,0.0,0.0,0.0,0.0,0.0,0.0,0.0
16,0.053145017474889755,0.07356128096580505,0,0,0,0.0,-0.0478200763463974,-0.06643656641244888,5,0.95,0.0,0.0,0.0,0.0,0.0,0.0,0.0,0.0
17,0.045380134135484695,0.0689980685710907,0,0,0,0.0,-0.04114185646176338,-0.06041666865348816,4,0.95,0.0,0.0,0.0,0.0,0.0,0.0,0.0,0.0
18,0.037346649914979935,0.06377105414867401,0,0,0,0.0,-0.033123090863227844,-0.05684787034988403,5,0.95,0.0,0.0,0.0,0.0,0.0,0.0,0.0,0.0
19,0.03098830208182335,0.05556268244981766,0,0,0,0.0,-0.027773723006248474,-0.04838207736611366,6,0.95,0.0,0.0,0.0,0.0,0.0,0.0,0.0,0.0
20,0.03098830208182335,0.04542635381221771,0,0,0,0.0,-0.027773723006248474,-0.04142003133893013,4,0.95,0.0,0.0,0.0,0.0,0.0,0.0,0.0,0.0
21,0.02819896675646305,0.041034258902072906,0,0,0,0.0,-0.025331977754831314,-0.03622082620859146,4,0.95,0.0,0.0,0.0,0.0,0.0,0.0,0.0,0.0
22,0.026102103292942047,0.037928760051727295,0,0,0,0.0,-0.023759374395012856,-0.033247385174036026,4,0.95,0.0,0.0,0.0,0.0,0.0,0.0,0.0,0.0
23,0.02362215891480446,0.03354977071285248,0,0,0,0.0,-0.021685171872377396,-0.029445383697748184,5,0.95,0.0,0.0,0.0,0.0,0.0,0.0,0.0,0.0
24,0.020779378712177277,0.03171594440937042,0,0,0,0.0,-0.019382381811738014,-0.02688824012875557,5,0.95,0.0,0.0,0.0,0.0,0.0,0.0,0.0,0.0
25,0.017963744699954987,0.029508039355278015,0,0,0,0.0,-0.016681669279932976,-0.025189774110913277,4,0.95,0.0,0.0,0.0,0.029999999329447746,0.0,0.0,0.0,0.0
26,0.017963744699954987,0.0265217125415802,0,0,0,0.0,-0.016681669279932976,-0.023199008777737617,4,0.95,0.0,0.0,0.0,0.029999999329447746,0.0,0.0,0.0,0.0
27,0.017963744699954987,0.02377759851515293,0,0,0,0.0,-0.016681669279932976,-0.021945012733340263,4,0.95,0.0,0.0,0.0,0.029999999329447746,0.0,0.0,0.0,0.0
28,0.016124717891216278,0.02263990417122841,0,0,0,0.0,-0.014912981539964676,-0.020725006237626076,5,0.95,0.0,0.0,0.0,0.029999999329447746,0.0,0.0,0.0,0.0
29,0.016124717891216278,0.021319251507520676,0,0,0,0.0,-0.014912981539964676,-0.01928691938519478,5,0.95,0.0,0.0,0.0,0.029999999329447746,0.0,0.0,0.0,0.0
30,0.015390338376164436,0.020412947982549667,0,0,0,0.0,-0.01370428130030632,-0.018711984157562256,5,0.95,0.0,0.0,0.0,0.0,0.0,0.0,0.0,0.0
31,0.013776118867099285,0.019048959016799927,0,0,0,0.0,-0.012285239063203335,-0.01751146838068962,6,0.95,0.0,0.0,0.0,0.0,0.0,0.0,0.0,0.0
32,0.013776118867099285,0.018674196675419807,0,0,0,0.0,-0.012285239063203335,-0.017088808119297028,7,0.95,0.0,0.0,0.0,0.0,0.0,0.0,0.0,0.0
33,0.013776118867099285,0.018474798649549484,0,0,0,0.0,-0.012285239063203335,-0.016406528651714325,8,0.95,0.0,0.0,0.0,0.0,0.0,0.0,0.0,0.0
34,0.011803321540355682,0.018454205244779587,0,0,0,0.0,-0.010636837221682072,-0.01592477411031723,6,0.95,0.0,0.0,0.0,0.0,0.0,0.0,0.0,0.0
35,0.010733566246926785,0.017264816910028458,0,0,0,0.0,-0.009632319211959839,-0.015092747285962105,7,0.95,0.0,0.0,0.0,0.0,0.0,0.0,0.0,0.0
36,0.010733566246926785,0.015974676236510277,0,0,0,0.0,-0.009632319211959839,-0.014170367270708084,8,0.95,0.0,0.0,0.0,0.0,0.0,0.0,0.0,0.0
37,0.010733566246926785,0.015315363183617592,0,0,0,0.0,-0.009632319211959839,-0.01329217292368412,7,0.95,0.0,0.0,0.0,0.0,0.0,0.0,0.0,0.0
38,0.010733566246926785,0.014417761005461216,0,0,0,0.0,-0.009632319211959839,-0.01280054822564125,7,0.95,0.0,0.0,0.0,0.0,0.0,0.0,0.0,0.0
39,0.010515840724110603,0.013925885781645775,0,0,0,0.0,-0.009373153559863567,-0.01241922378540039,8,0.95,0.0,0.0,0.0,0.0,0.0,0.0,0.0,0.0
40,0.010515840724110603,0.013702677562832832,0,0,0,0.0,-0.009373153559863567,-0.01220920030027628,9,0.95,0.0,0.0,0.0,0.0,0.0,0.0,0.0,0.0
41,0.010359032079577446,0.012921597808599472,0,0,0,0.0,-0.009214303456246853,-0.011504009366035461,7,0.95,0.0,0.0,0.0,0.0,0.0,0.0,0.0,0.0
42,0.010359032079577446,0.012594131752848625,0,0,0,0.0,-0.009214303456246853,-0.011317446827888489,8,0.95,0.0,0.0,0.0,0.0,0.0,0.0,0.0,0.0
43,0.009561216458678246,0.0123145692050457,0,0,0,0.0,-0.008362013846635818,-0.011121757328510284,9,0.95,0.0,0.0,0.0,0.0,0.0,0.0,0.0,0.0
44,0.009004499763250351,0.012117303907871246,0,0,0,0.0,-0.007698774337768555,-0.010858179070055485,10,0.95,0.0,0.0,0.0,0.0,0.0,0.0,0.0,0.0
45,0.009004499763250351,0.012066150084137917,0,0,0,0.0,-0.007698774337768555,-0.01060505025088787,11,0.95,0.0,0.0,0.0,0.0,0.0,0.0,0.0,0.0
46,0.009004499763250351,0.011750750243663788,0,0,0,0.0,-0.0074273389764130116,-0.010250994004309177,11,0.95,0.0,0.0,0.0,0.0,0.0,0.0,0.0,0.0
47,0.009004499763250351,0.011603401973843575,0,0,0,0.0,-0.0074273389764130116,-0.010079041123390198,12,0.95,0.0,0.0,0.0,0.0,0.0,0.0,0.0,0.0
48,0.008996381424367428,0.011603401973843575,0,0,0,0.0,-0.0074273389764130116,-0.009937788359820843,13,0.95,0.0,0.0,0.0,0.0,0.0,0.0,0.0,0.0
49,0.00887684803456068,0.01145409420132637,0,0,0,0.0,-0.0074273389764130116,-0.009711580350995064,14,0.95,0.0,0.0,0.0,0.0,0.0,0.0,0.0,0.0
50,0.007141191978007555,0.010851748287677765,0,0,0,0.0,-0.006152649875730276,-0.00948057696223259,15,0.95,0.0,0.0,0.0,0.0,0.0,0.0,0.0,0.0
51,0.006550946272909641,0.010343862697482109,0,0,0,0.0,-0.005743720568716526,-0.009092890657484531,12,0.95,0.0,0.0,0.0,0.0,0.0,0.0,0.0,0.0
52,0.006550946272909641,0.010121127590537071,0,0,0,0.0,-0.005743720568716526,-0.008459288626909256,9,0.95,0.0,0.0,0.0,0.0,0.0,0.0,0.0,0.0
53,0.006550946272909641,0.010361161082983017,0,0,0,0.0,-0.005743720568716526,-0.00843820907175541,10,0.95,0.0,0.0,0.0,0.0,0.0,0.0,0.0,0.0
54,0.006550946272909641,0.009646533988416195,0,0,0,0.0,-0.005743720568716526,-0.008341476321220398,11,0.95,0.0,0.0,0.0,0.0,0.0,0.0,0.0,0.0
55,0.006188158877193928,0.00929589569568634,0,0,0,0.0,-0.005743720568716526,-0.008203435689210892,11,0.95,0.0,0.0,0.0,0.0,0.0,0.0,0.0,0.0
56,0.006188158877193928,0.009516716003417969,0,0,0,0.0,-0.005743720568716526,-0.00804305449128151,12,0.95,0.0,0.0,0.0,0.0,0.0,0.0,0.0,0.0
57,0.005854061804711819,0.009006526321172714,0,0,0,0.0,-0.0055082631297409534,-0.007782967295497656,13,0.95,0.0,0.0,0.0,0.0,0.0,0.0,0.0,0.0
58,0.005854061804711819,0.009001396596431732,0,0,0,0.0,-0.0051864986307919025,-0.007593839429318905,14,0.95,0.0,0.0,0.0,0.0,0.0,0.0,0.0,0.0
59,0.005854061804711819,0.008805355057120323,0,0,0,0.0,-0.0051864986307919025,-0.007422654423862696,13,0.95,0.0,0.0,0.0,0.0,0.0,0.0,0.0,0.0
60,0.005854061804711819,0.00852060504257679,0,0,0,0.0,-0.0050334930419921875,-0.007207965943962336,10,0.95,0.0,0.0,0.0,0.0,0.0,0.0,0.0,0.0
61,0.005854061804711819,0.00851380079984665,0,0,0,0.0,-0.0050334930419921875,-0.007078987546265125,11,0.95,0.0,0.0,0.0,0.0,0.0,0.0,0.0,0.0
62,0.005854061804711819,0.007258708588778973,0,0,0,0.0,-0.004959373734891415,-0.006692563183605671,12,0.95,0.0,0.0,0.0,0.0,0.0,0.0,0.0,0.0
63,0.005854061804711819,0.007980138063430786,0,0,0,0.0,-0.004959373734891415,-0.006806602235883474,13,0.95,0.0,0.0,0.0,0.0,0.0,0.0,0.0,0.0
64,0.005854061804711819,0.007210055366158485,0,0,0,0.0,-0.004959373734891415,-0.006410684436559677,14,0.95,0.0,0.0,0.0,0.0,0.0,0.0,0.0,0.0
65,0.005854061804711819,0.00724978931248188,0,0,0,0.0,-0.004959373734891415,-0.006246996112167835,15,0.95,0.0,0.0,0.0,0.0,0.0,0.0,0.0,0.0
66,0.005854061804711819,0.007610909640789032,0,0,0,0.0,-0.004959373734891415,-0.006262342445552349,16,0.95,0.0,0.0,0.0,0.0,0.0,0.0,0.0,0.0
67,0.005854061804711819,0.00724978931248188,0,0,0,0.0,-0.004959373734891415,-0.0061005232855677605,17,0.95,0.0,0.0,0.0,0.0,0.0,0.0,0.0,0.0
68,0.004485545214265585,0.007342497818171978,0,0,0,0.0,-0.003784828120842576,-0.0059994785115122795,17,0.95,0.0,0.0,0.0,0.0,0.0,0.0,0.0,0.0
69,0.004485545214265585,0.007082950323820114,0,0,0,0.0,-0.003784828120842576,-0.005845861509442329,18,0.95,0.0,0.0,0.0,0.0,0.0,0.0,0.0,0.0
70,0.004485545214265585,0.006936188787221909,0,0,0,0.0,-0.003784828120842576,-0.005818383302539587,19,0.95,0.0,0.0,0.0,0.0,0.0,0.0,0.0,0.0
71,0.004485545214265585,0.006910006515681744,0,0,0,0.0,-0.003784828120842576,-0.005803391337394714,20,0.95,0.0,0.0,0.0,0.0,0.0,0.0,0.0,0.0
72,0.004485545214265585,0.006862077862024307,0,0,0,0.0,-0.003784828120842576,-0.005699909757822752,21,0.95,0.0,0.0,0.0,0.0,0.0,0.0,0.0,0.0
73,0.004485545214265585,0.006644881330430508,0,0,0,0.0,-0.003784828120842576,-0.00560025405138731,16,0.95,0.0,0.0,0.0,0.0,0.0,0.0,0.0,0.0
74,0.004485545214265585,0.006665281020104885,0,0,0,0.0,-0.003784828120842576,-0.005523901432752609,17,0.95,0.0,0.0,0.0,0.0,0.0,0.0,0.0,0.0
75,0.004485545214265585,0.006854209117591381,0,0,0,0.0,-0.003784828120842576,-0.005530169233679771,18,0.95,0.0,0.0,0.0,0.0,0.0,0.0,0.0,0.0
76,0.004485545214265585,0.006603056099265814,0,0,0,0.0,-0.003784828120842576,-0.0054810238070786,19,0.95,0.0,0.0,0.0,0.0,0.0,0.0,0.0,0.0
77,0.004485545214265585,0.00695648230612278,0,0,0,0.0,-0.003784828120842576,-0.005605628248304129,19,0.95,0.0,0.0,0.0,0.0,0.0,0.0,0.0,0.0
78,0.004485545214265585,0.006665281020104885,0,0,0,0.0,-0.003784828120842576,-0.005381537601351738,20,0.95,0.0,0.0,0.0,0.0,0.0,0.0,0.0,0.0
79,0.004485545214265585,0.006513646803796291,0,0,0,0.0,-0.003784828120842576,-0.005322284530848265,21,0.95,0.0,0.0,0.0,0.0,0.0,0.0,0.0,0.0
80,0.004485545214265585,0.006464106496423483,0,0,0,0.0,-0.003784828120842576,-0.005276253912597895,22,0.95,0.0,0.0,0.0,0.0,0.0,0.0,0.0,0.0
81,0.0037619047798216343,0.006279083900153637,0,0,0,0.0,-0.003218582132831216,-0.005177709273993969,23,0.95,0.0,0.0,0.0,0.0,0.0,0.0,0.0,0.0
82,0.0037619047798216343,0.006126117426902056,0,0,0,0.0,-0.003218582132831216,-0.005127462558448315,22,0.95,0.0,0.0,0.0,0.0,0.0,0.0,0.0,0.0
83,0.0037619047798216343,0.0062421225011348724,0,0,0,0.0,-0.003218582132831216,-0.005077452398836613,23,0.95,0.0,0.0,0.0,0.0,0.0,0.0,0.0,0.0
84,0.0037619047798216343,0.005801132880151272,0,0,0,0.0,-0.003218582132831216,-0.004860135726630688,24,0.95,0.0,0.0,0.0,0.0,0.0,0.0,0.0,0.0
85,0.0037619047798216343,0.005864567589014769,0,0,0,0.0,-0.003218582132831216,-0.004829814657568932,17,0.95,0.0,0.0,0.0,0.0,0.0,0.0,0.0,0.0
86,0.0037619047798216343,0.0057110413908958435,0,0,0,0.0,-0.003218582132831216,-0.004725673235952854,18,0.95,0.0,0.0,0.0,0.0,0.0,0.0,0.0,0.0
87,0.0037619047798216343,0.005652772728353739,0,0,0,0.0,-0.003218582132831216,-0.004676176235079765,19,0.95,0.0,0.0,0.0,0.0,0.0,0.0,0.0,0.0
88,0.0037619047798216343,0.005565309431403875,0,0,0,0.0,-0.003218582132831216,-0.0045545706525444984,20,0.95,0.0,0.0,0.0,0.0,0.0,0.0,0.0,0.0
89,0.0037619047798216343,0.0055392589420080185,0,0,0,0.0,-0.003218582132831216,-0.004519184119999409,21,0.95,0.0,0.0,0.0,0.0,0.0,0.0,0.0,0.0
90,0.0037619047798216343,0.005711860954761505,0,0,0,0.0,-0.003218582132831216,-0.004617095924913883,22,0.95,0.0,0.0,0.0,0.0,0.0,0.0,0.0,0.0
91,0.0037619047798216343,0.0055392589420080185,0,0,0,0.0,-0.003218582132831216,-0.004341266583651304,23,0.95,0.0,0.0,0.0,0.0,0.0,0.0,0.0,0.0
92,0.0037619047798216343,0.0055392589420080185,0,0,0,0.0,-0.003218582132831216,-0.004393564071506262,24,0.95,0.0,0.0,0.0,0.0,0.0,0.0,0.0,0.0
93,0.0037619047798216343,0.0056836484000086784,0,0,0,0.0,-0.003218582132831216,-0.004452643916010857,25,0.95,0.0,0.0,0.0,0.0,0.0,0.0,0.0,0.0
94,0.0037619047798216343,0.005401785019785166,0,0,0,0.0,-0.003218582132831216,-0.004404922015964985,26,0.95,0.0,0.0,0.0,0.0,0.0,0.0,0.0,0.0
95,0.0037619047798216343,0.0052053132094442844,0,0,0,0.0,-0.00304681109264493,-0.004259762354195118,27,0.95,0.0,0.0,0.0,0.0,0.0,0.0,0.0,0.0
96,0.0037619047798216343,0.00532066635787487,0,0,0,0.0,-0.00304681109264493,-0.0042291320860385895,28,0.95,0.0,0.0,0.0,0.0,0.0,0.0,0.0,0.0
97,0.0037619047798216343,0.005132970400154591,0,0,0,0.0,-0.00304681109264493,-0.004177051596343517,29,0.95,0.0,0.0,0.0,0.0,0.0,0.0,0.0,0.0
98,0.0037619047798216343,0.005216519348323345,0,0,0,0.0,-0.00304681109264493,-0.004163224250078201,30,0.95,0.0,0.0,0.0,0.0,0.0,0.0,0.0,0.0
99,0.00343604339286685,0.0050770873203873634,0,0,0,0.0,-0.0028827551286667585,-0.004057263024151325,31,0.95,0.0,0.0,0.0,0.0,0.0,0.0,0.0,0.0
100,0.00343604339286685,0.005212794058024883,0,0,0,0.0,-0.0028827551286667585,-0.0039860280230641365,32,0.95,0.0,0.0,0.0,0.0,0.0,0.0,0.0,0.0
101,0.00343604339286685,0.005676263943314552,0,0,0,0.0,-0.0028827551286667585,-0.004015544429421425,33,0.95,0.0,0.0,0.0,0.0,0.0,0.0,0.0,0.0
102,0.00343604339286685,0.00536899920552969,0,0,0,0.0,-0.0028827551286667585,-0.003981167450547218,34,0.95,0.0,0.0,0.0,0.0,0.0,0.0,0.0,0.0
103,0.00343604339286685,0.004760242998600006,0,0,0,0.0,-0.0028827551286667585,-0.003924127668142319,35,0.95,0.0,0.0,0.0,0.0,0.0,0.0,0.0,0.0
104,0.00343604339286685,0.005203495733439922,0,0,0,0.0,-0.0028827551286667585,-0.0039130933582782745,36,0.95,0.0,0.0,0.0,0.0,0.0,0.0,0.0,0.0
105,0.00343604339286685,0.0050665708258748055,0,0,0,0.0,-0.0028827551286667585,-0.003957509063184261,37,0.95,0.0,0.0,0.0,0.0,0.0,0.0,0.0,0.0
106,0.00343604339286685,0.005541305989027023,0,0,0,0.0,-0.0028827551286667585,-0.003892859909683466,38,0.95,0.0,0.0,0.0,0.0,0.0,0.0,0.0,0.0
107,0.00343604339286685,0.004827884957194328,0,0,0,0.0,-0.0028827551286667585,-0.0038428185507655144,39,0.95,0.0,0.0,0.0,0.0,0.0,0.0,0.0,0.0
108,0.00343604339286685,0.005640441086143255,0,0,0,0.0,-0.0028827551286667585,-0.0039223236963152885,40,0.95,0.0,0.0,0.0,0.0,0.0,0.0,0.0,0.0
109,0.00343604339286685,0.005490448325872421,0,0,0,0.0,-0.0028827551286667585,-0.003831414971500635,41,0.95,0.0,0.0,0.0,0.0,0.0,0.0,0.0,0.0
110,0.00343604339286685,0.005042843520641327,0,0,0,0.0,-0.0028827551286667585,-0.0038036040496081114,42,0.95,0.0,0.0,0.0,0.0,0.0,0.0,0.0,0.0
111,0.00343604339286685,0.005252250470221043,0,0,0,0.0,-0.0028827551286667585,-0.0037867180071771145,43,0.95,0.0,0.0,0.0,0.0,0.0,0.0,0.0,0.0
112,0.00343604339286685,0.005879063159227371,0,0,0,0.0,-0.0028827551286667585,-0.00392149155959487,44,0.95,0.0,0.0,0.0,0.0,0.0,0.0,0.0,0.0
113,0.0033133593387901783,0.004875125363469124,0,0,0,0.0,-0.0028447089716792107,-0.0037469814997166395,45,0.95,0.0,0.0,0.0,0.009999999776482582,0.0,0.0,0.0,0.0
114,0.0033133593387901783,0.005142448469996452,0,0,0,0.0,-0.0028447089716792107,-0.0037244337145239115,33,0.95,0.0,0.0,0.0,0.009999999776482582,0.0,0.0,0.0,0.0
115,0.0033133593387901783,0.004885690286755562,0,0,0,0.0,-0.002616223879158497,-0.003661932423710823,34,0.95,0.0,0.0,0.0,0.0,0.0,0.0,0.0,0.0
116,0.0033133593387901783,0.005307356361299753,0,0,0,0.0,-0.002616223879158497,-0.0035610038321465254,35,0.95,0.0,0.0,0.0,0.0,0.0,0.0,0.0,0.0
117,0.0033133593387901783,0.006644800771027803,0,0,0,0.0,-0.002616223879158497,-0.00414653355255723,36,0.95,0.0,0.0,0.0,0.0,0.0,0.0,0.0,0.0
118,0.0033133593387901783,0.004838403780013323,0,0,0,0.0,-0.0023210414219647646,-0.0035251942463219166,37,0.95,0.0,0.0,0.0,0.009999999776482582,0.0,0.0,0.0,0.0
119,0.0033133593387901783,0.004987906664609909,0,0,0,0.0,-0.0023210414219647646,-0.003451443277299404,38,0.95,0.0,0.0,0.0,0.009999999776482582,0.0,0.0,0.0,0.0
120,0.0033133593387901783,0.005481909029185772,0,0,0,0.0,-0.0023210414219647646,-0.0034271162003278732,39,0.95,0.0,0.0,0.0,0.009999999776482582,0.0,0.0,0.0,0.0
121,0.0033133593387901783,0.00546751543879509,0,0,0,0.0,-0.0023210414219647646,-0.003363204188644886,40,0.95,0.0,0.0,0.0,0.009999999776482582,0.0,0.0,0.0,0.0
122,0.002959450939670205,0.005808234214782715,0,0,0,0.0,-0.0023210414219647646,-0.0032637903932482004,41,0.95,0.0,0.0,0.0,0.009999999776482582,0.0,0.0,0.0,0.0
123,0.002959450939670205,0.005648372694849968,0,0,0,0.0,-0.0023210414219647646,-0.00331796589307487,42,0.95,0.0,0.0,0.0,0.009999999776482582,0.0,0.0,0.0,0.0
124,0.002959450939670205,0.005184115841984749,0,0,0,0.0,-0.0023210414219647646,-0.0033138603903353214,43,0.95,0.0,0.0,0.0,0.009999999776482582,0.0,0.0,0.0,0.0
125,0.002959450939670205,0.005549689754843712,0,0,0,0.0,-0.0023210414219647646,-0.0032171844504773617,44,0.95,0.0,0.0,0.0,0.009999999776482582,0.0,0.0,0.0,0.0
126,0.002959450939670205,0.005020893178880215,0,0,0,0.0,-0.0023210414219647646,-0.003139528911560774,31,0.95,0.0,0.0,0.0,0.009999999776482582,0.0,0.0,0.0,0.0
127,0.002959450939670205,0.006293049082159996,0,0,0,0.0,-0.0023210414219647646,-0.003414607373997569,32,0.95,0.0,0.0,0.0,0.009999999776482582,0.0,0.0,0.0,0.0
128,0.002959450939670205,0.005204141605645418,0,0,0,0.0,-0.0023210414219647646,-0.0031363824382424355,33,0.95,0.0,0.0,0.0,0.009999999776482582,0.0,0.0,0.0,0.0
129,0.002959450939670205,0.005204141605645418,0,0,0,0.0,-0.0023210414219647646,-0.0035252149682492018,34,0.95,0.0,0.0,0.0,0.009999999776482582,0.0,0.0,0.0,0.0
130,0.002959450939670205,0.005020893178880215,0,0,0,0.0,-0.0023210414219647646,-0.003107170108705759,35,0.95,0.0,0.0,0.0,0.009999999776482582,0.0,0.0,0.0,0.0
131,0.002959450939670205,0.005369600839912891,0,0,0,0.0,-0.0023210414219647646,-0.003309443360194564,36,0.95,0.0,0.0,0.0,0.009999999776482582,0.0,0.0,0.0,0.0
132,0.002959450939670205,0.0050307707861065865,0,0,0,0.0,-0.0023210414219647646,-0.003167347051203251,37,0.95,0.0,0.0,0.0,0.009999999776482582,0.0,0.0,0.0,0.0
133,0.002959450939670205,0.00506839482113719,0,0,0,0.0,-0.0023210414219647646,-0.003233020193874836,38,0.95,0.0,0.0,0.0,0.009999999776482582,0.0,0.0,0.0,0.0
134,0.002959450939670205,0.005495768506079912,0,0,0,0.0,-0.0023210414219647646,-0.0030745305120944977,39,0.95,0.0,0.0,0.0,0.009999999776482582,0.0,0.0,0.0,0.0
135,0.002959450939670205,0.005395123735070229,0,0,0,0.0,-0.0023210414219647646,-0.0032023550011217594,40,0.95,0.0,0.0,0.0,0.009999999776482582,0.0,0.0,0.0,0.0
136,0.0028363787569105625,0.005204141605645418,0,0,0,0.0,-0.0023210414219647646,-0.0030608433298766613,41,0.95,0.0,0.0,0.0,0.009999999776482582,0.0,0.0,0.0,0.0
137,0.0028363787569105625,0.004942975006997585,0,0,0,0.0,-0.0023210414219647646,-0.003051148494705558,42,0.95,0.0,0.0,0.0,0.009999999776482582,0.0,0.0,0.0,0.0
138,0.0028363787569105625,0.00538729690015316,0,0,0,0.0,-0.0023210414219647646,-0.00347895547747612,43,0.95,0.0,0.0,0.0,0.009999999776482582,0.0,0.0,0.0,0.0
139,0.0028363787569105625,0.005470242351293564,0,0,0,0.0,-0.0023210414219647646,-0.003265541512519121,44,0.95,0.0,0.0,0.0,0.009999999776482582,0.0,0.0,0.0,0.0
140,0.0028363787569105625,0.005376133136451244,0,0,0,0.0,-0.0023210414219647646,-0.0032636336982250214,45,0.95,0.0,0.0,0.0,0.009999999776482582,0.0,0.0,0.0,0.0
141,0.0028363787569105625,0.005020893178880215,0,0,0,0.0,-0.0023210414219647646,-0.0030478243716061115,46,0.95,0.0,0.0,0.0,0.009999999776482582,0.0,0.0,0.0,0.0
142,0.0028363787569105625,0.005020893178880215,0,0,0,0.0,-0.0023210414219647646,-0.003028041683137417,47,0.95,0.0,0.0,0.0,0.009999999776482582,0.0,0.0,0.0,0.0
143,0.0028363787569105625,0.005003698170185089,0,0,0,0.0,-0.0023210414219647646,-0.00300583872012794,44,0.95,0.0,0.0,0.0,0.009999999776482582,0.0,0.0,0.0,0.0
144,0.0028363787569105625,0.005197542253881693,0,0,0,0.0,-0.0023210414219647646,-0.0037027141079306602,45,0.95,0.0,0.0,0.0,0.009999999776482582,0.0,0.0,0.0,0.0
145,0.0028363787569105625,0.005168355070054531,0,0,0,0.0,-0.0023210414219647646,-0.003291030880063772,46,0.95,0.0,0.0,0.0,0.009999999776482582,0.0,0.0,0.0,0.0
146,0.0028363787569105625,0.00538729690015316,0,0,0,0.0,-0.0023210414219647646,-0.0031825960613787174,47,0.95,0.0,0.0,0.0,0.009999999776482582,0.0,0.0,0.0,0.0
147,0.0028363787569105625,0.00506887212395668,0,0,0,0.0,-0.0023210414219647646,-0.0030962475575506687,48,0.95,0.0,0.0,0.0,0.009999999776482582,0.0,0.0,0.0,0.0
148,0.0028363787569105625,0.005452915094792843,0,0,0,0.0,-0.0023210414219647646,-0.0031203143298625946,49,0.95,0.0,0.0,0.0,0.009999999776482582,0.0,0.0,0.0,0.0
149,0.0028363787569105625,0.00506887212395668,0,0,0,0.0,-0.0023210414219647646,-0.0031869197264313698,50,0.95,0.0,0.0,0.0,0.009999999776482582,0.0,0.0,0.0,0.0
150,0.0028363787569105625,0.00506887212395668,0,0,0,0.0,-0.0023210414219647646,-0.003115728497505188,51,0.95,0.0,0.0,0.0,0.009999999776482582,0.0,0.0,0.0,0.0
151,0.0028363787569105625,0.00506887212395668,0,0,0,0.0,-0.0023210414219647646,-0.0032573393546044827,52,0.95,0.0,0.0,0.0,0.009999999776482582,0.0,0.0,0.0,0.0
152,0.0028363787569105625,0.00506887212395668,0,0,0,0.0,-0.0023210414219647646,-0.003332718973979354,53,0.95,0.0,0.0,0.0,0.009999999776482582,0.0,0.0,0.0,0.0
153,0.0028363787569105625,0.005003698170185089,0,0,0,0.0,-0.0023210414219647646,-0.0029923629481345415,54,0.95,0.0,0.0,0.0,0.009999999776482582,0.0,0.0,0.0,0.0
154,0.0028363787569105625,0.004942975006997585,0,0,0,0.0,-0.0023210414219647646,-0.0030475782696157694,55,0.95,0.0,0.0,0.0,0.009999999776482582,0.0,0.0,0.0,0.0
155,0.0028363787569105625,0.005003698170185089,0,0,0,0.0,-0.0023210414219647646,-0.0029897906351834536,56,0.95,0.0,0.0,0.0,0.009999999776482582,0.0,0.0,0.0,0.0
156,0.0028363787569105625,0.004835108295083046,0,0,0,0.0,-0.0023210414219647646,-0.0029605652671307325,57,0.95,0.0,0.0,0.0,0.009999999776482582,0.0,0.0,0.0,0.0
157,0.0028363787569105625,0.004990953952074051,0,0,0,0.0,-0.0023210414219647646,-0.002955143339931965,58,0.95,0.0,0.0,0.0,0.009999999776482582,0.0,0.0,0.0,0.0
158,0.0028363787569105625,0.00506887212395668,0,0,0,0.0,-0.0023210414219647646,-0.0033756978809833527,59,0.95,0.0,0.0,0.0,0.009999999776482582,0.0,0.0,0.0,0.0
159,0.0028363787569105625,0.004990953952074051,0,0,0,0.0,-0.0023210414219647646,-0.003153386292979121,60,0.95,0.0,0.0,0.0,0.009999999776482582,0.0,0.0,0.0,0.0
160,0.0028363787569105625,0.004885690286755562,0,0,0,0.0,-0.0023210414219647646,-0.0032607498578727245,61,0.95,0.0,0.0,0.0,0.009999999776482582,0.0,0.0,0.0,0.0
161,0.0028363787569105625,0.004835108295083046,0,0,0,0.0,-0.0023210414219647646,-0.0029528061859309673,62,0.95,0.0,0.0,0.0,0.009999999776482582,0.0,0.0,0.0,0.0
162,0.0028363787569105625,0.00506887212395668,0,0,0,0.0,-0.0023210414219647646,-0.0036702819634228945,63,0.95,0.0,0.0,0.0,0.009999999776482582,0.0,0.0,0.0,0.0
163,0.0028363787569105625,0.0050635067746043205,0,0,0,0.0,-0.0023210414219647646,-0.0029415995813906193,64,0.95,0.0,0.0,0.0,0.009999999776482582,0.0,0.0,0.0,0.0
164,0.0028363787569105625,0.004885690286755562,0,0,0,0.0,-0.0023210414219647646,-0.0029301559552550316,65,0.95,0.0,0.0,0.0,0.009999999776482582,0.0,0.0,0.0,0.0
165,0.0028363787569105625,0.005066388286650181,0,0,0,0.0,-0.0023210414219647646,-0.0030654934234917164,66,0.95,0.0,0.0,0.0,0.009999999776482582,0.0,0.0,0.0,0.0
166,0.0028363787569105625,0.005080701783299446,0,0,0,0.0,-0.0023210414219647646,-0.0032982737757265568,67,0.95,0.0,0.0,0.0,0.009999999776482582,0.0,0.0,0.0,0.0
167,0.0028363787569105625,0.00504485797137022,0,0,0,0.0,-0.0023210414219647646,-0.002918955869972706,68,0.95,0.0,0.0,0.0,0.009999999776482582,0.0,0.0,0.0,0.0
168,0.0028363787569105625,0.005080701783299446,0,0,0,0.0,-0.0023210414219647646,-0.0030992762185633183,69,0.95,0.0,0.0,0.0,0.009999999776482582,0.0,0.0,0.0,0.0
169,0.0028363787569105625,0.00504485797137022,0,0,0,0.0,-0.0023210414219647646,-0.0029120538383722305,70,0.95,0.0,0.0,0.0,0.009999999776482582,0.0,0.0,0.0,0.0
170,0.0028363787569105625,0.005056687630712986,0,0,0,0.0,-0.0023210414219647646,-0.0029037613421678543,71,0.95,0.0,0.0,0.0,0.009999999776482582,0.0,0.0,0.0,0.0
171,0.0028363787569105625,0.004885690286755562,0,0,0,0.0,-0.0023210414219647646,-0.0028977221809327602,72,0.95,0.0,0.0,0.0,0.009999999776482582,0.0,0.0,0.0,0.0
172,0.0028363787569105625,0.0052801696583628654,0,0,0,0.0,-0.0023210414219647646,-0.0032548520248383284,73,0.95,0.0,0.0,0.0,0.009999999776482582,0.0,0.0,0.0,0.0
173,0.0028363787569105625,0.005724196322262287,0,0,0,0.0,-0.0023210414219647646,-0.0034365628380328417,74,0.95,0.0,0.0,0.0,0.009999999776482582,0.0,0.0,0.0,0.0
174,0.002577405422925949,0.004984134808182716,0,0,0,0.0,-0.002139995340257883,-0.0028870156966149807,75,0.95,0.0,0.0,0.0,0.0,0.0,0.0,0.0,0.0
175,0.002577405422925949,0.004984134808182716,0,0,0,0.0,-0.002139995340257883,-0.0028816843405365944,76,0.95,0.0,0.0,0.0,0.0,0.0,0.0,0.0,0.0
176,0.002577405422925949,0.004882289096713066,0,0,0,0.0,-0.002139995340257883,-0.003095794003456831,63,0.95,0.0,0.0,0.0,0.0,0.0,0.0,0.0,0.0
177,0.002577405422925949,0.004963544197380543,0,0,0,0.0,-0.002139995340257883,-0.002874698955565691,64,0.95,0.0,0.0,0.0,0.0,0.0,0.0,0.0,0.0
178,0.002577405422925949,0.004984134808182716,0,0,0,0.0,-0.002139995340257883,-0.0028516664169728756,65,0.95,0.0,0.0,0.0,0.0,0.0,0.0,0.0,0.0
179,0.002577405422925949,0.004791745450347662,0,0,0,0.0,-0.002139995340257883,-0.002829008735716343,66,0.95,0.0,0.0,0.0,0.0,0.0,0.0,0.0,0.0
180,0.002577405422925949,0.004791745450347662,0,0,0,0.0,-0.002032324904575944,-0.0028044688515365124,65,0.95,0.0,0.0,0.0,0.0,0.0,0.0,0.0,0.0
181,0.002577405422925949,0.004963608458638191,0,0,0,0.0,-0.002032324904575944,-0.002949120244011283,66,0.95,0.0,0.0,0.0,0.0,0.0,0.0,0.0,0.0
182,0.002577405422925949,0.0042640939354896545,0,0,0,0.0,-0.002032324904575944,-0.0027640426997095346,67,0.95,0.0,0.0,0.0,0.0,0.0,0.0,0.0,0.0
183,0.002577405422925949,0.004911630880087614,0,0,0,0.0,-0.002032324904575944,-0.002934134565293789,68,0.95,0.0,0.0,0.0,0.0,0.0,0.0,0.0,0.0
184,0.002577405422925949,0.004537406377494335,0,0,0,0.0,-0.0018659178167581558,-0.002750502899289131,69,0.95,0.0,0.0,0.0,0.009999999776482582,0.0,0.0,0.0,0.0
185,0.002577405422925949,0.00451472494751215,0,0,0,0.0,-0.0018659178167581558,-0.002776616718620062,70,0.95,0.0,0.0,0.0,0.009999999776482582,0.0,0.0,0.0,0.0
186,0.002577405422925949,0.003999944776296616,0,0,0,0.0,-0.001798431039787829,-0.002667380031198263,71,0.95,0.0,0.0,0.0,0.009999999776482582,0.0,0.0,0.0,0.0
187,0.002577405422925949,0.004537406377494335,0,0,0,0.0,-0.001798431039787829,-0.0026230360381305218,72,0.95,0.0,0.0,0.0,0.009999999776482582,0.0,0.0,0.0,0.0
188,0.002577405422925949,0.004493396729230881,0,0,0,0.0,-0.001798431039787829,-0.002608991228044033,73,0.95,0.0,0.0,0.0,0.009999999776482582,0.0,0.0,0.0,0.0
189,0.002577405422925949,0.004131848458200693,0,0,0,0.0,-0.001798431039787829,-0.0026017436757683754,71,0.95,0.0,0.0,0.0,0.009999999776482582,0.0,0.0,0.0,0.0
190,0.002577405422925949,0.004099140875041485,0,0,0,0.0,-0.001798431039787829,-0.0026866341941058636,72,0.95,0.0,0.0,0.0,0.009999999776482582,0.0,0.0,0.0,0.0
191,0.002577405422925949,0.004085559397935867,0,0,0,0.0,-0.001798431039787829,-0.002591336378827691,73,0.95,0.0,0.0,0.0,0.009999999776482582,0.0,0.0,0.0,0.0
192,0.002577405422925949,0.0040276143699884415,0,0,0,0.0,-0.001798431039787829,-0.002491723746061325,74,0.95,0.0,0.0,0.0,0.009999999776482582,0.0,0.0,0.0,0.0
193,0.002577405422925949,0.004171884618699551,0,0,0,0.0,-0.001798431039787829,-0.0024850163608789444,75,0.95,0.0,0.0,0.0,0.009999999776482582,0.0,0.0,0.0,0.0
194,0.002577405422925949,0.004171884618699551,0,0,0,0.0,-0.001798431039787829,-0.0024830475449562073,76,0.95,0.0,0.0,0.0,0.009999999776482582,0.0,0.0,0.0,0.0
195,0.002577405422925949,0.004569919779896736,0,0,0,0.0,-0.001798431039787829,-0.0028424886986613274,77,0.95,0.0,0.0,0.0,0.009999999776482582,0.0,0.0,0.0,0.0
196,0.002577405422925949,0.00420517148450017,0,0,0,0.0,-0.001798431039787829,-0.002482621930539608,78,0.95,0.0,0.0,0.0,0.009999999776482582,0.0,0.0,0.0,0.0
197,0.002577405422925949,0.00498259998857975,0,0,0,0.0,-0.001798431039787829,-0.0028480147011578083,79,0.95,0.0,0.0,0.0,0.009999999776482582,0.0,0.0,0.0,0.0
198,0.002577405422925949,0.005065310280770063,0,0,0,0.0,-0.001798431039787829,-0.0030746180564165115,80,0.95,0.0,0.0,0.0,0.009999999776482582,0.0,0.0,0.0,0.0
199,0.002577405422925949,0.004270508419722319,0,0,0,0.0,-0.001798431039787829,-0.002481690142303705,81,0.95,0.0,0.0,0.0,0.009999999776482582,0.0,0.0,0.0,0.0
200,0.002577405422925949,0.004270508419722319,0,0,0,0.0,-0.001798431039787829,-0.002459190087392926,82,0.95,0.0,0.0,0.0,0.009999999776482582,0.0,0.0,0.0,0.0
201,0.002577405422925949,0.004489674232900143,0,0,0,0.0,-0.001798431039787829,-0.002534023951739073,83,0.95,0.0,0.0,0.0,0.009999999776482582,0.0,0.0,0.0,0.0
202,0.002577405422925949,0.004701566882431507,0,0,0,0.0,-0.001798431039787829,-0.002816123655065894,84,0.95,0.0,0.0,0.0,0.009999999776482582,0.0,0.0,0.0,0.0
203,0.002577405422925949,0.004270508419722319,0,0,0,0.0,-0.001798431039787829,-0.0024242110084742308,85,0.95,0.0,0.0,0.0,0.009999999776482582,0.0,0.0,0.0,0.0
204,0.002577405422925949,0.004270508419722319,0,0,0,0.0,-0.001798431039787829,-0.0024105701595544815,86,0.95,0.0,0.0,0.0,0.009999999776482582,0.0,0.0,0.0,0.0
205,0.002577405422925949,0.004319657571613789,0,0,0,0.0,-0.001798431039787829,-0.0026219957508146763,87,0.95,0.0,0.0,0.0,0.009999999776482582,0.0,0.0,0.0,0.0
206,0.002577405422925949,0.004412277601659298,0,0,0,0.0,-0.001798431039787829,-0.002479448914527893,88,0.95,0.0,0.0,0.0,0.009999999776482582,0.0,0.0,0.0,0.0
207,0.002577405422925949,0.00422885175794363,0,0,0,0.0,-0.001798431039787829,-0.0023991838097572327,89,0.95,0.0,0.0,0.0,0.009999999776482582,0.0,0.0,0.0,0.0
208,0.002577405422925949,0.004174372181296349,0,0,0,0.0,-0.001798431039787829,-0.002381611615419388,90,0.95,0.0,0.0,0.0,0.009999999776482582,0.0,0.0,0.0,0.0
209,0.002577405422925949,0.004083829000592232,0,0,0,0.0,-0.001798431039787829,-0.0024790740571916103,91,0.95,0.0,0.0,0.0,0.009999999776482582,0.0,0.0,0.0,0.0
210,0.002577405422925949,0.004101642407476902,0,0,0,0.0,-0.001798431039787829,-0.0023708706721663475,92,0.95,0.0,0.0,0.0,0.009999999776482582,0.0,0.0,0.0,0.0
211,0.002577405422925949,0.004101642407476902,0,0,0,0.0,-0.001798431039787829,-0.0023489147424697876,93,0.95,0.0,0.0,0.0,0.009999999776482582,0.0,0.0,0.0,0.0
212,0.002577405422925949,0.00403511431068182,0,0,0,0.0,-0.001798431039787829,-0.002332621719688177,94,0.95,0.0,0.0,0.0,0.009999999776482582,0.0,0.0,0.0,0.0
213,0.002577405422925949,0.004303652793169022,0,0,0,0.0,-0.001798431039787829,-0.0023249343503266573,95,0.95,0.0,0.0,0.0,0.009999999776482582,0.0,0.0,0.0,0.0
214,0.002577405422925949,0.004241694696247578,0,0,0,0.0,-0.001798431039787829,-0.0023512891493737698,96,0.95,0.0,0.0,0.0,0.009999999776482582,0.0,0.0,0.0,0.0
215,0.002577405422925949,0.004448870196938515,0,0,0,0.0,-0.001798431039787829,-0.002309210132807493,97,0.95,0.0,0.0,0.0,0.009999999776482582,0.0,0.0,0.0,0.0
216,0.002577405422925949,0.004448870196938515,0,0,0,0.0,-0.0015689714346081018,-0.0022869964595884085,42,0.95,0.0,0.0,0.0,0.009999999776482582,0.0,0.0,0.0,0.0
217,0.002577405422925949,0.005173184908926487,0,0,0,0.0,-0.0015689714346081018,-0.0027410632465034723,43,0.95,0.0,0.0,0.0,0.009999999776482582,0.0,0.0,0.0,0.0
218,0.002577405422925949,0.004407114814966917,0,0,0,0.0,-0.0015689714346081018,-0.0024372972548007965,44,0.95,0.0,0.0,0.0,0.009999999776482582,0.0,0.0,0.0,0.0
219,0.002577405422925949,0.00477938586845994,0,0,0,0.0,-0.0015689714346081018,-0.0024199094623327255,45,0.95,0.0,0.0,0.0,0.009999999776482582,0.0,0.0,0.0,0.0
220,0.002577405422925949,0.004792483057826757,0,0,0,0.0,-0.0015689714346081018,-0.0026774946600198746,46,0.95,0.0,0.0,0.0,0.009999999776482582,0.0,0.0,0.0,0.0
221,0.002577405422925949,0.004371724557131529,0,0,0,0.0,-0.0015689714346081018,-0.0022615292109549046,47,0.95,0.0,0.0,0.0,0.009999999776482582,0.0,0.0,0.0,0.0
222,0.0028632692992687225,0.004448870196938515,0,0,0,0.0,-0.0015689714346081018,-0.0022379462607204914,48,0.95,0.0,0.0,0.0,0.009999999776482582,0.0,0.0,0.0,0.0
223,0.0028632692992687225,0.004226507153362036,0,0,0,0.0,-0.0015689714346081018,-0.002225607866421342,49,0.95,0.0,0.0,0.0,0.009999999776482582,0.0,0.0,0.0,0.0
224,0.0028632692992687225,0.004448870196938515,0,0,0,0.0,-0.0015689714346081018,-0.0022131921723484993,50,0.95,0.0,0.0,0.0,0.009999999776482582,0.0,0.0,0.0,0.0
225,0.0028632692992687225,0.004371724557131529,0,0,0,0.0,-0.0015689714346081018,-0.002201446332037449,51,0.95,0.0,0.0,0.0,0.009999999776482582,0.0,0.0,0.0,0.0
226,0.0028632692992687225,0.004405553452670574,0,0,0,0.0,-0.0015689714346081018,-0.002197076566517353,52,0.95,0.0,0.0,0.0,0.009999999776482582,0.0,0.0,0.0,0.0
227,0.0028632692992687225,0.004371724557131529,0,0,0,0.0,-0.0014776703901588917,-0.002186012454330921,53,0.95,0.0,0.0,0.0,0.03999999910593033,0.0,0.0,0.0,0.0
228,0.0028632692992687225,0.004371724557131529,0,0,0,0.0,-0.0014776703901588917,-0.0021688914857804775,54,0.95,0.0,0.0,0.0,0.03999999910593033,0.0,0.0,0.0,0.0
229,0.0028632692992687225,0.004448870196938515,0,0,0,0.0,-0.0014776703901588917,-0.0021508154459297657,55,0.95,0.0,0.0,0.0,0.03999999910593033,0.0,0.0,0.0,0.0
230,0.0028632692992687225,0.0046928380616009235,0,0,0,0.0,-0.0014776703901588917,-0.0024651451967656612,56,0.95,0.0,0.0,0.0,0.03999999910593033,0.0,0.0,0.0,0.0
231,0.0028632692992687225,0.004484783858060837,0,0,0,0.0,-0.0014776703901588917,-0.0021339370869100094,57,0.95,0.0,0.0,0.0,0.03999999910593033,0.0,0.0,0.0,0.0
232,0.0028632692992687225,0.005578629206866026,0,0,0,0.0,-0.0014776703901588917,-0.0024407817982137203,52,0.95,0.0,0.0,0.0,0.03999999910593033,0.0,0.0,0.0,0.0
233,0.0028632692992687225,0.00489058718085289,0,0,0,0.0,-0.0014776703901588917,-0.002122055273503065,53,0.95,0.0,0.0,0.0,0.03999999910593033,0.0,0.0,0.0,0.0
234,0.0028632692992687225,0.004302979912608862,0,0,0,0.0,-0.001446009729988873,-0.002077628392726183,54,0.95,0.0,0.0,0.0,0.029999999329447746,0.0,0.0,0.0,0.0
235,0.0028632692992687225,0.004371724557131529,0,0,0,0.0,-0.001446009729988873,-0.0022133581805974245,55,0.95,0.0,0.0,0.0,0.029999999329447746,0.0,0.0,0.0,0.0
236,0.0028632692992687225,0.0046303411945700645,0,0,0,0.0,-0.001446009729988873,-0.0025008716620504856,56,0.95,0.0,0.0,0.0,0.029999999329447746,0.0,0.0,0.0,0.0
237,0.0028632692992687225,0.004364078864455223,0,0,0,0.0,-0.001446009729988873,-0.002063214313238859,57,0.95,0.0,0.0,0.0,0.029999999329447746,0.0,0.0,0.0,0.0
238,0.0028632692992687225,0.0048335399478673935,0,0,0,0.0,-0.001446009729988873,-0.0021071878727525473,58,0.95,0.0,0.0,0.0,0.029999999329447746,0.0,0.0,0.0,0.0
239,0.0028632692992687225,0.004420491401106119,0,0,0,0.0,-0.001446009729988873,-0.002046770416200161,59,0.95,0.0,0.0,0.0,0.029999999329447746,0.0,0.0,0.0,0.0
240,0.0028632692992687225,0.004364078864455223,0,0,0,0.0,-0.001446009729988873,-0.0020351000130176544,60,0.95,0.0,0.0,0.0,0.029999999329447746,0.0,0.0,0.0,0.0
241,0.0028632692992687225,0.004364078864455223,0,0,0,0.0,-0.001446009729988873,-0.002033533528447151,61,0.95,0.0,0.0,0.0,0.029999999329447746,0.0,0.0,0.0,0.0
242,0.0028632692992687225,0.004420491401106119,0,0,0,0.0,-0.001446009729988873,-0.0020136036910116673,62,0.95,0.0,0.0,0.0,0.029999999329447746,0.0,0.0,0.0,0.0
243,0.0028632692992687225,0.0046388981863856316,0,0,0,0.0,-0.001446009729988873,-0.0020357617177069187,59,0.95,0.0,0.0,0.0,0.029999999329447746,0.0,0.0,0.0,0.0
244,0.0028632692992687225,0.004364078864455223,0,0,0,0.0,-0.001446009729988873,-0.0019814257975667715,60,0.95,0.0,0.0,0.0,0.029999999329447746,0.0,0.0,0.0,0.0
245,0.0028632692992687225,0.004364078864455223,0,0,0,0.0,-0.001446009729988873,-0.0021171141415834427,61,0.95,0.0,0.0,0.0,0.029999999329447746,0.0,0.0,0.0,0.0
246,0.0028632692992687225,0.004510898143053055,0,0,0,0.0,-0.001446009729988873,-0.002077779034152627,62,0.95,0.0,0.0,0.0,0.029999999329447746,0.0,0.0,0.0,0.0
247,0.0028632692992687225,0.004364078864455223,0,0,0,0.0,-0.001446009729988873,-0.002004419919103384,63,0.95,0.0,0.0,0.0,0.029999999329447746,0.0,0.0,0.0,0.0
248,0.0028632692992687225,0.004877874162048101,0,0,0,0.0,-0.001446009729988873,-0.0024074059911072254,64,0.95,0.0,0.0,0.0,0.029999999329447746,0.0,0.0,0.0,0.0
249,0.0028632692992687225,0.004764853045344353,0,0,0,0.0,-0.001446009729988873,-0.002194696106016636,65,0.95,0.0,0.0,0.0,0.029999999329447746,0.0,0.0,0.0,0.0
250,0.0028632692992687225,0.004336060024797916,0,0,0,0.0,-0.001446009729988873,-0.0019155621994286776,66,0.95,0.0,0.0,0.0,0.029999999329447746,0.0,0.0,0.0,0.0
251,0.003161060158163309,0.004364078864455223,0,0,0,0.0,-0.001446009729988873,-0.0019034931901842356,67,0.95,0.0,0.0,0.0,0.029999999329447746,0.0,0.0,0.0,0.0
252,0.003161060158163309,0.004528912715613842,0,0,0,0.0,-0.001446009729988873,-0.0019018329912796617,68,0.95,0.0,0.0,0.0,0.029999999329447746,0.0,0.0,0.0,0.0
253,0.003161060158163309,0.004611624404788017,0,0,0,0.0,-0.001446009729988873,-0.0018954910337924957,69,0.95,0.0,0.0,0.0,0.029999999329447746,0.0,0.0,0.0,0.0
254,0.003161060158163309,0.004667218774557114,0,0,0,0.0,-0.001446009729988873,-0.0018866201862692833,70,0.95,0.0,0.0,0.0,0.029999999329447746,0.0,0.0,0.0,0.0
255,0.003161060158163309,0.004681667312979698,0,0,0,0.0,-0.001446009729988873,-0.0019240820547565818,71,0.95,0.0,0.0,0.0,0.029999999329447746,0.0,0.0,0.0,0.0
256,0.003161060158163309,0.004667218774557114,0,0,0,0.0,-0.001446009729988873,-0.0018793372437357903,72,0.95,0.0,0.0,0.0,0.029999999329447746,0.0,0.0,0.0,0.0
257,0.002688546199351549,0.004681667312979698,0,0,0,0.0,-0.0012731609167531133,-0.0018777325749397278,73,0.95,0.0,0.0,0.0,0.009999999776482582,0.0,0.0,0.0,0.0
258,0.002688546199351549,0.004667218774557114,0,0,0,0.0,-0.0012731609167531133,-0.0018764049746096134,74,0.95,0.0,0.0,0.0,0.009999999776482582,0.0,0.0,0.0,0.0
259,0.002688546199351549,0.004667218774557114,0,0,0,0.0,-0.0012731609167531133,-0.0018709513824433088,75,0.95,0.0,0.0,0.0,0.009999999776482582,0.0,0.0,0.0,0.0
260,0.002688546199351549,0.004348939284682274,0,0,0,0.0,-0.0012731609167531133,-0.0018453774973750114,76,0.95,0.0,0.0,0.0,0.009999999776482582,0.0,0.0,0.0,0.0
261,0.002688546199351549,0.0044360472820699215,0,0,0,0.0,-0.0012731609167531133,-0.0018313669133931398,75,0.95,0.0,0.0,0.0,0.009999999776482582,0.0,0.0,0.0,0.0
262,0.002688546199351549,0.004583174362778664,0,0,0,0.0,-0.0012731609167531133,-0.0018117891158908606,76,0.95,0.0,0.0,0.0,0.009999999776482582,0.0,0.0,0.0,0.0
263,0.002688546199351549,0.004398790188133717,0,0,0,0.0,-0.0012731609167531133,-0.0017802700167521834,77,0.95,0.0,0.0,0.0,0.009999999776482582,0.0,0.0,0.0,0.0
264,0.002688546199351549,0.004545916803181171,0,0,0,0.0,-0.0012731609167531133,-0.0019029141403734684,48,0.95,0.0,0.0,0.0,0.009999999776482582,0.0,0.0,0.0,0.0
265,0.002688546199351549,0.004704034421592951,0,0,0,0.0,-0.0012731609167531133,-0.0017601923318579793,49,0.95,0.0,0.0,0.0,0.009999999776482582,0.0,0.0,0.0,0.0
266,0.002688546199351549,0.004421933554112911,0,0,0,0.0,-0.0012731609167531133,-0.0017470449674874544,50,0.95,0.0,0.0,0.0,0.009999999776482582,0.0,0.0,0.0,0.0
267,0.002688546199351549,0.004453076049685478,0,0,0,0.0,-0.0012731609167531133,-0.001737888902425766,51,0.95,0.0,0.0,0.0,0.009999999776482582,0.0,0.0,0.0,0.0
268,0.002688546199351549,0.004421933554112911,0,0,0,0.0,-0.0012731609167531133,-0.0017328443937003613,52,0.95,0.0,0.0,0.0,0.009999999776482582,0.0,0.0,0.0,0.0
269,0.002688546199351549,0.004274625331163406,0,0,0,0.0,-0.0012731609167531133,-0.0017277696169912815,53,0.95,0.0,0.0,0.0,0.009999999776482582,0.0,0.0,0.0,0.0
270,0.002688546199351549,0.004345584660768509,0,0,0,0.0,-0.0012731609167531133,-0.001730142394080758,54,0.95,0.0,0.0,0.0,0.009999999776482582,0.0,0.0,0.0,0.0
271,0.002688546199351549,0.004905947018414736,0,0,0,0.0,-0.0012731609167531133,-0.0020145841408520937,55,0.95,0.0,0.0,0.0,0.009999999776482582,0.0,0.0,0.0,0.0
272,0.002688546199351549,0.004267883952707052,0,0,0,0.0,-0.001200413447804749,-0.0016807131469249725,56,0.95,0.0,0.0,0.0,0.03999999910593033,0.0,0.0,0.0,0.0
273,0.002688546199351549,0.004353917203843594,0,0,0,0.0,-0.001200413447804749,-0.0016766457119956613,57,0.95,0.0,0.0,0.0,0.03999999910593033,0.0,0.0,0.0,0.0
274,0.002688546199351549,0.004353917203843594,0,0,0,0.0,-0.0011955086374655366,-0.0016691406490281224,58,0.95,0.0,0.0,0.0,0.03999999910593033,0.0,0.0,0.0,0.0
275,0.002688546199351549,0.004517370834946632,0,0,0,0.0,-0.0011955086374655366,-0.0016608049627393484,59,0.95,0.0,0.0,0.0,0.03999999910593033,0.0,0.0,0.0,0.0
276,0.002688546199351549,0.004517370834946632,0,0,0,0.0,-0.0011955086374655366,-0.0016590696759521961,60,0.95,0.0,0.0,0.0,0.03999999910593033,0.0,0.0,0.0,0.0
277,0.002688546199351549,0.004517370834946632,0,0,0,0.0,-0.0011955086374655366,-0.0016456241719424725,61,0.95,0.0,0.0,0.0,0.03999999910593033,0.0,0.0,0.0,0.0
278,0.002688546199351549,0.00477983895689249,0,0,0,0.0,-0.0011955086374655366,-0.0018382841954007745,62,0.95,0.0,0.0,0.0,0.03999999910593033,0.0,0.0,0.0,0.0
279,0.002688546199351549,0.00477983895689249,0,0,0,0.0,-0.0011955086374655366,-0.0016341852024197578,63,0.95,0.0,0.0,0.0,0.03999999910593033,0.0,0.0,0.0,0.0
280,0.002688546199351549,0.00511058047413826,0,0,0,0.0,-0.0011955086374655366,-0.0019477370660752058,64,0.95,0.0,0.0,0.0,0.03999999910593033,0.0,0.0,0.0,0.0
281,0.002688546199351549,0.004567102529108524,0,0,0,0.0,-0.0011955086374655366,-0.001614320557564497,65,0.95,0.0,0.0,0.0,0.03999999910593033,0.0,0.0,0.0,0.0
282,0.002688546199351549,0.004925084300339222,0,0,0,0.0,-0.0011955086374655366,-0.0018394987564533949,66,0.95,0.0,0.0,0.0,0.03999999910593033,0.0,0.0,0.0,0.0
283,0.002688546199351549,0.0050092702731490135,0,0,0,0.0,-0.0011955086374655366,-0.0017359449993818998,67,0.95,0.0,0.0,0.0,0.03999999910593033,0.0,0.0,0.0,0.0
284,0.002688546199351549,0.00477983895689249,0,0,0,0.0,-0.0011955086374655366,-0.001598886214196682,68,0.95,0.0,0.0,0.0,0.03999999910593033,0.0,0.0,0.0,0.0
285,0.002688546199351549,0.004741406999528408,0,0,0,0.0,-0.0011955086374655366,-0.0015806930605322123,69,0.95,0.0,0.0,0.0,0.03999999910593033,0.0,0.0,0.0,0.0
286,0.002688546199351549,0.004567102529108524,0,0,0,0.0,-0.0011955086374655366,-0.0015585876535624266,70,0.95,0.0,0.0,0.0,0.03999999910593033,0.0,0.0,0.0,0.0
287,0.002688546199351549,0.004567102529108524,0,0,0,0.0,-0.0011955086374655366,-0.001542720478028059,60,0.95,0.0,0.0,0.0,0.03999999910593033,0.0,0.0,0.0,0.0
288,0.002688546199351549,0.0049698930233716965,0,0,0,0.0,-0.0011955086374655366,-0.0017378521151840687,61,0.95,0.0,0.0,0.0,0.03999999910593033,0.0,0.0,0.0,0.0
289,0.002688546199351549,0.004499164409935474,0,0,0,0.0,-0.0011955086374655366,-0.0015334811760112643,62,0.95,0.0,0.0,0.0,0.03999999910593033,0.0,0.0,0.0,0.0
290,0.002688546199351549,0.004446499515324831,0,0,0,0.0,-0.0011955086374655366,-0.001546589657664299,63,0.95,0.0,0.0,0.0,0.03999999910593033,0.0,0.0,0.0,0.0
291,0.002688546199351549,0.004429453983902931,0,0,0,0.0,-0.0011955086374655366,-0.001528703491203487,64,0.95,0.0,0.0,0.0,0.03999999910593033,0.0,0.0,0.0,0.0
292,0.002688546199351549,0.004499164409935474,0,0,0,0.0,-0.0011390900472179055,-0.0015159831382334232,65,0.95,0.0,0.0,0.0,0.019999999552965164,0.0,0.0,0.0,0.0
293,0.002688546199351549,0.004256226122379303,0,0,0,0.0,-0.0011390900472179055,-0.0015214905142784119,66,0.95,0.0,0.0,0.0,0.019999999552965164,0.0,0.0,0.0,0.0
294,0.002688546199351549,0.0048997062258422375,0,0,0,0.0,-0.0011390900472179055,-0.0016687475144863129,67,0.95,0.0,0.0,0.0,0.019999999552965164,0.0,0.0,0.0,0.0
295,0.002688546199351549,0.004705051891505718,0,0,0,0.0,-0.0011390900472179055,-0.0018909015925601125,68,0.95,0.0,0.0,0.0,0.019999999552965164,0.0,0.0,0.0,0.0
296,0.002688546199351549,0.005008481442928314,0,0,0,0.0,-0.0011390900472179055,-0.0018848009640350938,69,0.95,0.0,0.0,0.0,0.019999999552965164,0.0,0.0,0.0,0.0
297,0.002688546199351549,0.004182915203273296,0,0,0,0.0,-0.0011390900472179055,-0.0014810571447014809,70,0.95,0.0,0.0,0.0,0.019999999552965164,0.0,0.0,0.0,0.0
298,0.002688546199351549,0.004499164409935474,0,0,0,0.0,-0.0011390900472179055,-0.001493179937824607,71,0.95,0.0,0.0,0.0,0.019999999552965164,0.0,0.0,0.0,0.0
299,0.002688546199351549,0.004485221579670906,0,0,0,0.0,-0.0011390900472179055,-0.001473205047659576,72,0.95,0.0,0.0,0.0,0.019999999552965164,0.0,0.0,0.0,0.0
300,0.002688546199351549,0.004243781790137291,0,0,0,0.0,-0.0011390900472179055,-0.0014672984834760427,66,0.95,0.0,0.0,0.0,0.019999999552965164,0.0,0.0,0.0,0.0
301,0.002688546199351549,0.005431405268609524,0,0,0,0.0,-0.0011390900472179055,-0.0017941866535693407,67,0.95,0.0,0.0,0.0,0.019999999552965164,0.0,0.0,0.0,0.0
302,0.002688546199351549,0.004485221579670906,0,0,0,0.0,-0.0011390900472179055,-0.0014562509022653103,68,0.95,0.0,0.0,0.0,0.019999999552965164,0.0,0.0,0.0,0.0
303,0.002688546199351549,0.004485221579670906,0,0,0,0.0,-0.0011390900472179055,-0.001447983318939805,69,0.95,0.0,0.0,0.0,0.019999999552965164,0.0,0.0,0.0,0.0
304,0.002688546199351549,0.0047872476279735565,0,0,0,0.0,-0.0011390900472179055,-0.0016030919505283237,70,0.95,0.0,0.0,0.0,0.019999999552965164,0.0,0.0,0.0,0.0
305,0.002688546199351549,0.00454933475703001,0,0,0,0.0,-0.0011390900472179055,-0.0014475021744146943,71,0.95,0.0,0.0,0.0,0.019999999552965164,0.0,0.0,0.0,0.0
306,0.002688546199351549,0.00454933475703001,0,0,0,0.0,-0.0011390900472179055,-0.0014428345020860434,72,0.95,0.0,0.0,0.0,0.019999999552965164,0.0,0.0,0.0,0.0
307,0.002688546199351549,0.00454933475703001,0,0,0,0.0,-0.0011390900472179055,-0.001435600919649005,50,0.95,0.0,0.0,0.0,0.019999999552965164,0.0,0.0,0.0,0.0
308,0.002688546199351549,0.004585755057632923,0,0,0,0.0,-0.0011390900472179055,-0.0015420789131894708,51,0.95,0.0,0.0,0.0,0.019999999552965164,0.0,0.0,0.0,0.0
309,0.002688546199351549,0.004499164409935474,0,0,0,0.0,-0.0011390900472179055,-0.0014274040004238486,52,0.95,0.0,0.0,0.0,0.019999999552965164,0.0,0.0,0.0,0.0
310,0.002688546199351549,0.0046152533032000065,0,0,0,0.0,-0.0011390900472179055,-0.0015020202845335007,53,0.95,0.0,0.0,0.0,0.019999999552965164,0.0,0.0,0.0,0.0
311,0.002688546199351549,0.004249141551554203,0,0,0,0.0,-0.0011390900472179055,-0.0014230133965611458,54,0.95,0.0,0.0,0.0,0.019999999552965164,0.0,0.0,0.0,0.0
312,0.002688546199351549,0.005085804499685764,0,0,0,0.0,-0.0011390900472179055,-0.0019344747997820377,55,0.95,0.0,0.0,0.0,0.019999999552965164,0.0,0.0,0.0,0.0
313,0.002688546199351549,0.004249141551554203,0,0,0,0.0,-0.0011390900472179055,-0.0014318334870040417,56,0.95,0.0,0.0,0.0,0.019999999552965164,0.0,0.0,0.0,0.0
314,0.002688546199351549,0.004249141551554203,0,0,0,0.0,-0.0011390900472179055,-0.001400192966684699,57,0.95,0.0,0.0,0.0,0.019999999552965164,0.0,0.0,0.0,0.0
315,0.002688546199351549,0.004184497985988855,0,0,0,0.0,-0.0011390900472179055,-0.0013843077467754483,58,0.95,0.0,0.0,0.0,0.019999999552965164,0.0,0.0,0.0,0.0
316,0.002688546199351549,0.004115439020097256,0,0,0,0.0,-0.0011390900472179055,-0.001371190999634564,59,0.95,0.0,0.0,0.0,0.019999999552965164,0.0,0.0,0.0,0.0
317,0.002688546199351549,0.004659795667976141,0,0,0,0.0,-0.0011390900472179055,-0.0015278460923582315,60,0.95,0.0,0.0,0.0,0.019999999552965164,0.0,0.0,0.0,0.0
318,0.002688546199351549,0.004111277870833874,0,0,0,0.0,-0.0011390900472179055,-0.0013630854664370418,61,0.95,0.0,0.0,0.0,0.019999999552965164,0.0,0.0,0.0,0.0
319,0.002688546199351549,0.004184497985988855,0,0,0,0.0,-0.0011390900472179055,-0.0013517756015062332,62,0.95,0.0,0.0,0.0,0.019999999552965164,0.0,0.0,0.0,0.0
320,0.002688546199351549,0.004184497985988855,0,0,0,0.0,-0.0010102326050400734,-0.001340433955192566,63,0.95,0.0,0.0,0.0,0.019999999552965164,0.0,0.0,0.0,0.0
321,0.002688546199351549,0.004024955444037914,0,0,0,0.0,-0.0010102326050400734,-0.0013297242112457752,64,0.95,0.0,0.0,0.0,0.019999999552965164,0.0,0.0,0.0,0.0
322,0.002688546199351549,0.003967401571571827,0,0,0,0.0,-0.0010102326050400734,-0.0013186323922127485,65,0.95,0.0,0.0,0.0,0.019999999552965164,0.0,0.0,0.0,0.0
323,0.002688546199351549,0.003967401571571827,0,0,0,0.0,-0.0010102326050400734,-0.001321973279118538,66,0.95,0.0,0.0,0.0,0.019999999552965164,0.0,0.0,0.0,0.0
323,0.002688546199351549,0.003967401571571827,0,0,0,0.0,-0.0010102326050400734,-0.001321973279118538,66,0.95,0.0,0.0,0.0,0.019999999552965164,0.0,0.0,0.0,0.0
